{"stats":{"minecraft:mined":{"minecraft:grass_block":5,"minecraft:dirt":1},"minecraft:used":{"minecraft:dirt":6},"minecraft:picked_up":{"minecraft:dirt":6},"minecraft:custom":{"minecraft:jump":286,"minecraft:time_since_rest":10026,"minecraft:damage_taken":95,"minecraft:leave_game":4,"minecraft:play_time":10026,"minecraft:sprint_one_cm":30224,"minecraft:time_since_death":10026,"minecraft:walk_on_water_one_cm":42,"minecraft:walk_one_cm":14390,"minecraft:total_world_time":10026,"minecraft:fall_one_cm":8451,"minecraft:fly_one_cm":97142}},"DataVersion":3465}