{"stats":{"minecraft:mined":{"minecraft:grass_block":5,"minecraft:dirt":1},"minecraft:used":{"minecraft:dirt":6},"minecraft:picked_up":{"minecraft:dirt":6},"minecraft:custom":{"minecraft:jump":183,"minecraft:time_since_rest":8520,"minecraft:leave_game":2,"minecraft:play_time":8520,"minecraft:sprint_one_cm":24585,"minecraft:damage_taken":20,"minecraft:time_since_death":8520,"minecraft:walk_one_cm":12380,"minecraft:total_world_time":8520,"minecraft:fall_one_cm":8242,"minecraft:fly_one_cm":49171}},"DataVersion":3465}