{"stats":{"minecraft:mined":{"minecraft:grass_block":5,"minecraft:dirt":1},"minecraft:used":{"minecraft:dirt":6},"minecraft:picked_up":{"minecraft:dirt":6},"minecraft:custom":{"minecraft:jump":286,"minecraft:time_since_rest":9909,"minecraft:walk_on_water_one_cm":42,"minecraft:leave_game":3,"minecraft:play_time":9909,"minecraft:sprint_one_cm":30224,"minecraft:damage_taken":20,"minecraft:time_since_death":9909,"minecraft:walk_one_cm":14153,"minecraft:total_world_time":9909,"minecraft:fall_one_cm":8451,"minecraft:fly_one_cm":96854}},"DataVersion":3465}