{
  "minecraft:recipes/decorations/crafting_table": {
    "criteria": {
      "unlock_right_away": "2024-07-05 01:04:00 +0000"
    },
    "done": true
  },
  "cataclysm:root": {
    "criteria": {
      "custom_test_name": "2024-07-05 01:04:00 +0000"
    },
    "done": true
  },
  "born_in_chaos_v1:bornin_chaos": {
    "criteria": {
      "bornin_chaos_0": "2024-07-05 01:04:00 +0000"
    },
    "done": true
  },
  "minecraft:adventure/adventuring_time": {
    "criteria": {
      "minecraft:frozen_river": "2024-07-05 01:17:36 +0000",
      "minecraft:windswept_hills": "2024-07-05 01:17:05 +0000",
      "minecraft:snowy_plains": "2024-07-05 01:04:01 +0000",
      "minecraft:snowy_taiga": "2024-07-05 01:17:39 +0000",
      "minecraft:snowy_beach": "2024-07-05 01:17:49 +0000"
    },
    "done": false
  },
  "tombstone:adventure/root": {
    "criteria": {
      "auto": "2024-07-05 01:04:01 +0000"
    },
    "done": true
  },
  "DataVersion": 3465
}